"VersionEffective","PartNumber","PROPERTY","ValuePrior","ValueCurrent","ChangeReason"
"2.76","LP435070-0","STATUS","ACTIVE","INACTIVE",""
"2.76","LP435328-2","STATUS","ACTIVE","INACTIVE",""
"2.76","LP435370-4","STATUS","ACTIVE","INACTIVE",""
"2.76","LP435387-8","STATUS","ACTIVE","INACTIVE",""
"2.76","LP435456-1","STATUS","ACTIVE","DEPRECATED","Obsolete"
"2.76","LP435476-9","STATUS","ACTIVE","INACTIVE",""
"2.76","LP435495-9","STATUS","ACTIVE","INACTIVE",""
"2.76","LP435634-3","STATUS","ACTIVE","INACTIVE",""
"2.76","LP435732-5","STATUS","ACTIVE","INACTIVE",""
"2.76","LP435737-4","STATUS","ACTIVE","INACTIVE",""
"2.76","LP435750-7","STATUS","ACTIVE","INACTIVE",""
"2.76","LP435897-6","STATUS","ACTIVE","INACTIVE",""
"2.76","LP436280-4","STATUS","ACTIVE","DEPRECATED","Obsolete"
"2.76","LP436283-8","STATUS","ACTIVE","DEPRECATED","Obsolete"
"2.76","LP436366-1","STATUS","ACTIVE","INACTIVE",""
"2.76","LP436367-9","STATUS","ACTIVE","INACTIVE",""
"2.76","LP436368-7","STATUS","ACTIVE","INACTIVE",""
"2.76","LP436380-2","STATUS","ACTIVE","INACTIVE",""
"2.76","LP436891-8","STATUS","ACTIVE","DEPRECATED","Obsolete"
"2.76","LP436892-6","STATUS","ACTIVE","DEPRECATED","Obsolete"
"2.76","LP436893-4","STATUS","ACTIVE","DEPRECATED","Obsolete"
"2.76","LP436894-2","STATUS","ACTIVE","DEPRECATED","Obsolete"
"2.76","LP436895-9","STATUS","ACTIVE","DEPRECATED","Obsolete"
"2.76","LP436896-7","STATUS","ACTIVE","DEPRECATED","Obsolete"
"2.76","LP436897-5","STATUS","ACTIVE","DEPRECATED","Obsolete"
"2.76","LP436898-3","STATUS","ACTIVE","DEPRECATED","Obsolete"
"2.76","LP436899-1","STATUS","ACTIVE","DEPRECATED","Obsolete"
"2.76","LP436900-7","STATUS","ACTIVE","DEPRECATED","Obsolete"
"2.76","LP436901-5","STATUS","ACTIVE","DEPRECATED","Obsolete"
"2.76","LP436902-3","STATUS","ACTIVE","DEPRECATED","Obsolete"
"2.76","LP436903-1","STATUS","ACTIVE","DEPRECATED","Obsolete"
"2.76","LP436904-9","STATUS","ACTIVE","DEPRECATED","Obsolete"
"2.76","LP436905-6","STATUS","ACTIVE","DEPRECATED","Obsolete"
"2.76","LP436906-4","STATUS","ACTIVE","DEPRECATED","Obsolete"
"2.76","LP436914-8","STATUS","ACTIVE","DEPRECATED","Obsolete"
"2.76","LP436942-9","STATUS","ACTIVE","DEPRECATED","Obsolete"
"2.76","LP436943-7","STATUS","ACTIVE","DEPRECATED","Obsolete"
"2.76","LP436944-5","STATUS","ACTIVE","DEPRECATED","Obsolete"
"2.76","LP436945-2","STATUS","ACTIVE","DEPRECATED","Obsolete"
"2.76","LP436946-0","STATUS","ACTIVE","DEPRECATED","Obsolete"
"2.76","LP436984-1","STATUS","ACTIVE","DEPRECATED","Obsolete"
