"RecType","LOINC_NUM","COMPONENT","PROPERTY","TIME_ASPCT","SYSTEM","SCALE_TYP","METHOD_TYP","CLASS"
"BEFORE","101334-1","Etizolam","MRto","Pt","Urine","Qn","Confirm","DRUG/TOX"
"CHANGED","101334-1","Etizolam/Creatinine","MRto","Pt","Urine","Qn","Confirm","DRUG/TOX"
"BEFORE","101375-4","Troponin I.cardiac^2H post baseline measurement","MCncDiff","Pt","Ser/Plas","Qn","Calculation","CHEM"
"CHANGED","101375-4","Troponin I.cardiac^2H post baseline measurement","MCncDiff","Pt","Ser/Plas","Qn","Calculated","CHEM"
"BEFORE","101540-3","AGA gene","Likelihood","Pt","Ser","Qn","Calculation","MOLPATH"
"CHANGED","101540-3","AGA gene","Likelihood","Pt","Ser","Qn","Calculated","MOLPATH"
"BEFORE","101616-1","CMS - Participation in assessment and goal setting","-","Pt","^Patient","Nom","CMS Assessment","PANEL.SURVEY.CMS"
"CHANGED","101616-1","CMS - Participation in assessment and goal setting","-","Pt","^Patient","Nom","CMS Assessment","SURVEY.CMS"
"BEFORE","101620-3","CMS - Referral has been made to the local contact agency","Find","-","Patient education material","Ord","CMS Assessment","SURVEY.CMS"
"CHANGED","101620-3","CMS - Referral has been made to the local contact agency","Find","Pt","Patient education material","Ord","CMS Assessment","SURVEY.CMS"
"BEFORE","101647-6","Ehrlichiosis & Anaplasmosis & Babesiosis & Borrelia miyamotoi panel","-","Pt","Ser/Plas/Bld","-","Probe.amp.tar","PANEL.MICRO"
"CHANGED","101647-6","Ehrlichiosis & Anaplasmosis & Babesiosis & Borrelia miyamotoi DNA panel","-","Pt","Ser/Plas/Bld","-","Probe.amp.tar","PANEL.MICRO"
"BEFORE","101652-6","Somatotropin & glucose post glucose stimulation panel","-","Pt","Ser/Plas","Qn","","PANEL.CHAL"
"CHANGED","101652-6","Somatotropin & glucose post glucose stimulation panel","-","Pt","Ser/Plas","-","","PANEL.CHAL"
"BEFORE","101683-1","Body water mass","Mass","Pt","^Patient","Qn","*","BDYWGT.MOLEC"
"CHANGED","101683-1","Body water","Mass","Pt","^Patient","Qn","","BDYWGT.MOLEC"
"BEFORE","101684-9","Body water [Percentile]","MFr","Pt","^Patient","Qn","Measured","BDYWGT.MOLEC"
"CHANGED","101684-9","Body water","MFr","Pt","^Patient","Qn","Measured","BDYWGT.MOLEC"
"BEFORE","101685-6","Body bone mass","Mass","Pt","^Patient","Qn","Measured","BDYWGT.MOLEC"
"CHANGED","101685-6","Body bone","Mass","Pt","^Patient","Qn","Measured","BDYWGT.MOLEC"
"BEFORE","101686-4","Body bone [Percentile]","MFr","Pt","^Patient","Qn","BIA","BDYWGT.MOLEC"
"CHANGED","101686-4","Body bone","MFr","Pt","^Patient","Qn","BIA","BDYWGT.MOLEC"
"BEFORE","101687-2","Elevation climbed","LRat","XXX","^Patient","Qn","*","H&P.HX"
"CHANGED","101687-2","Elevation climbed","LRat","XXX","^Patient","Qn","","H&P.HX"
"BEFORE","101696-3","Vaginal CT GC + Vaginosis Molecular Detection Panel","-","Pt","Vag","Ord","Probe.amp.tar","PANEL.MICRO"
"CHANGED","101696-3","Chlamydia trachomatis rRNA & Neisseria gonorrhoeae rRNA & Trichomonas vaginalis RNA & Candida sp RNA panel","-","Pt","Vag","-","Probe.amp.tar","PANEL.MICRO"
"BEFORE","101721-9","SARS coronavirus 2","-","Pt","Respiratory","-","Probe.amp.tar","MICRO"
"CHANGED","101721-9","SARS coronavirus 2 RNA","-","Pt","Respiratory","-","Probe.amp.tar","MICRO"
"BEFORE","101734-2","Sodium Urate crystals 24Hr Urine","EngDiff","24H","Urine","Qn","*","CHEM"
"CHANGED","101734-2","Sodium Urate crystals","EngDiff","24H","Urine","Qn","","CHEM"
"BEFORE","101735-9","Urate crystals 24Hr Urine","EngDiff","24H","Urine","Qn","","CHEM"
"CHANGED","101735-9","Urate crystals","EngDiff","24H","Urine","Qn","","CHEM"
"BEFORE","101736-7","Brushite crystals 24Hr Urine","EngDiff","24H","Urine","Qn","","CHEM"
"CHANGED","101736-7","Brushite crystals","EngDiff","24H","Urine","Qn","","CHEM"
"BEFORE","101744-1","Toxoplasma gondii DNA","PrThr","Pt","Plas","Ord","RT-PCR","MICRO"
"CHANGED","101744-1","Toxoplasma gondii DNA","PrThr","Pt","Plas","Ord","Probe.amp.tar","MICRO"
"BEFORE","101747-4","Purkinje cell cytoplasmic type Tr Ab","Titr","Pt","Ser","Qn","CBA IFA","MICRO"
"CHANGED","101747-4","Purkinje cell cytoplasmic type Tr Ab","Titr","Pt","Ser","SemiQn","CBA IFA","MICRO"
"BEFORE","101748-2","Maraviroc anticipated activity","Find","Pt","Bld","Ord","RT-PCR","MICRO"
"CHANGED","101748-2","Maraviroc anticipated activity","Find","Pt","Bld","Ord","Probe.amp.tar","MICRO"
"BEFORE","101750-8","Adeno-associated virus (AAV) serotype Rh74","PrThr","Pt","Ser","Ord","ELISA","MICRO"
"CHANGED","101750-8","Adeno-associated virus (AAV) serotype Rh74","PrThr","Pt","Ser","Ord","IA","MICRO"
"BEFORE","101751-6","Lithium","MCnt","Pt","Blood","Qn","Inductively Coupled Plasma/Optical Emission Spectrometry (ICP/OES)","DRUG/TOX"
"CHANGED","101751-6","Lithium","SCnc","Pt","Blood","Qn","Inductively Coupled Plasma/Optical Emission Spectrometry (ICP/OES)","DRUG/TOX"
"BEFORE","101753-2","Dermatophytes","PrThr","Pt","Unk sub","Ord","Probe.amp.tar","MICRO"
"CHANGED","101753-2","Dermatophytes DNA","PrThr","Pt","XXX","Ord","Probe.amp.tar","MICRO"
"BEFORE","101754-0","Trichophyton tonsurans","PrThr","Pt","Unk sub","Ord","Probe.amp.tar","MICRO"
"CHANGED","101754-0","Trichophyton tonsurans DNA","PrThr","Pt","XXX","Ord","Probe.amp.tar","MICRO"
"BEFORE","101755-7","Trichophyton equinum","PrThr","Pt","Unk sub","Ord","Probe.amp.tar","MICRO"
"CHANGED","101755-7","Trichophyton equinum DNA","PrThr","Pt","XXX","Ord","Probe.amp.tar","MICRO"
"BEFORE","101756-5","Trichophyton interdigitale","PrThr","Pt","Unk sub","Ord","Probe.amp.tar","MICRO"
"CHANGED","101756-5","Trichophyton interdigitale DNA","PrThr","Pt","XXX","Ord","Probe.amp.tar","MICRO"
"BEFORE","101757-3","Trichophyton mentagrophytes DNA","PrThr","Pt","Unk sub","Ord","Probe.amp.tar","MICRO"
"CHANGED","101757-3","Trichophyton mentagrophytes DNA","PrThr","Pt","XXX","Ord","Probe.amp.tar","MICRO"
"BEFORE","101758-1","Trichophyton quinckeanum","PrThr","Pt","Unk sub","Ord","Probe.amp.tar","MICRO"
"CHANGED","101758-1","Trichophyton quinckeanum DNA","PrThr","Pt","XXX","Ord","Probe.amp.tar","MICRO"
"BEFORE","101759-9","Trichophyton schoenleinii","PrThr","Pt","Unk sub","Ord","Probe.amp.tar","MICRO"
"CHANGED","101759-9","Trichophyton schoenleinii DNA","PrThr","Pt","XXX","Ord","Probe.amp.tar","MICRO"
"BEFORE","101760-7","Trichophyton simii","PrThr","Pt","Unk sub","Ord","Probe.amp.tar","MICRO"
"CHANGED","101760-7","Trichophyton simii DNA","PrThr","Pt","XXX","Ord","Probe.amp.tar","MICRO"
"BEFORE","101761-5","Trichophyton concentricum","PrThr","Pt","Unk sub","Ord","Probe.amp.tar","MICRO"
"CHANGED","101761-5","Trichophyton concentricum DNA","PrThr","Pt","XXX","Ord","Probe.amp.tar","MICRO"
"BEFORE","101762-3","Trichophyton bullosum","PrThr","Pt","Unk sub","Ord","Probe.amp.tar","MICRO"
"CHANGED","101762-3","Trichophyton bullosum DNA","PrThr","Pt","XXX","Ord","Probe.amp.tar","MICRO"
"BEFORE","101763-1","Trichophyton benhamiae (Afr.)","PrThr","Pt","Unk sub","Ord","Probe.amp.tar","MICRO"
"CHANGED","101763-1","Trichophyton benhamiae (Afr.) DNA","PrThr","Pt","XXX","Ord","Probe.amp.tar","MICRO"
"BEFORE","101764-9","Trichophyton benhamiae (white)","PrThr","Pt","Unk sub","Ord","Probe.amp.tar","MICRO"
"CHANGED","101764-9","Trichophyton benhamiae (white) DNA","PrThr","Pt","XXX","Ord","Probe.amp.tar","MICRO"
"BEFORE","101765-6","Trichophyton benhamiae (yellow)","PrThr","Pt","Unk sub","Ord","Probe.amp.tar","MICRO"
"CHANGED","101765-6","Trichophyton benhamiae (yellow) DNA","PrThr","Pt","XXX","Ord","Probe.amp.tar","MICRO"
"BEFORE","101766-4","Trichophyton erinacei","PrThr","Pt","Unk sub","Ord","Probe.amp.tar","MICRO"
"CHANGED","101766-4","Trichophyton erinacei DNA","PrThr","Pt","XXX","Ord","Probe.amp.tar","MICRO"
"BEFORE","101767-2","Trichophyton verrucosum","PrThr","Pt","Unk sub","Ord","Probe.amp.tar","MICRO"
"CHANGED","101767-2","Trichophyton verrucosum DNA","PrThr","Pt","XXX","Ord","Probe.amp.tar","MICRO"
"BEFORE","101768-0","Trichophyton eriotrephon DNA","PrThr","Pt","Unk sub","Ord","Probe.amp.tar","MICRO"
"CHANGED","101768-0","Trichophyton eriotrephon DNA","PrThr","Pt","XXX","Ord","Probe.amp.tar","MICRO"
"BEFORE","101769-8","Trichophyton rubrum DNA","PrThr","Pt","Unk sub","Ord","Probe.amp.tar","MICRO"
"CHANGED","101769-8","Trichophyton rubrum DNA","PrThr","Pt","XXX","Ord","Probe.amp.tar","MICRO"
"BEFORE","101770-6","Trichophyton violaceum","PrThr","Pt","Unk sub","Ord","Probe.amp.tar","MICRO"
"CHANGED","101770-6","Trichophyton violaceum DNA","PrThr","Pt","XXX","Ord","Probe.amp.tar","MICRO"
"BEFORE","101771-4","Epidermophyton floccosum DNA","PrThr","Pt","Unk sub","Ord","Probe.amp.tar","MICRO"
"CHANGED","101771-4","Epidermophyton floccosum DNA","PrThr","Pt","XXX","Ord","Probe.amp.tar","MICRO"
"BEFORE","101772-2","Microsporum canis DNA","PrThr","Pt","Unk sub","Ord","Probe.amp.tar","MICRO"
"CHANGED","101772-2","Microsporum canis DNA","PrThr","Pt","XXX","Ord","Probe.amp.tar","MICRO"
"BEFORE","101773-0","Microsporum audouinii DNA","PrThr","Pt","Unk sub","Ord","Probe.amp.tar","MICRO"
"CHANGED","101773-0","Microsporum audouinii DNA","PrThr","Pt","XXX","Ord","Probe.amp.tar","MICRO"
"BEFORE","101774-8","Microsporum ferrugineum DNA","PrThr","Pt","Unk sub","Ord","Probe.amp.tar","MICRO"
"CHANGED","101774-8","Microsporum ferrugineum DNA","PrThr","Pt","XXX","Ord","Probe.amp.tar","MICRO"
"BEFORE","101775-5","Nannizzia fulva DNA","PrThr","Pt","Unk sub","Ord","Probe.amp.tar","MICRO"
"CHANGED","101775-5","Nannizzia fulva DNA","PrThr","Pt","XXX","Ord","Probe.amp.tar","MICRO"
"BEFORE","101776-3","Nannizzia gypsea DNA","PrThr","Pt","Unk sub","Ord","Probe.amp.tar","MICRO"
"CHANGED","101776-3","Nannizzia gypsea DNA","PrThr","Pt","XXX","Ord","Probe.amp.tar","MICRO"
"BEFORE","101777-1","Nannizzia incurvata DNA","PrThr","Pt","Unk sub","Ord","Probe.amp.tar","MICRO"
"CHANGED","101777-1","Nannizzia incurvata DNA","PrThr","Pt","XXX","Ord","Probe.amp.tar","MICRO"
"BEFORE","101778-9","Nannizzia persicolor DNA","PrThr","Pt","Unk sub","Ord","Probe.amp.tar","MICRO"
"CHANGED","101778-9","Nannizzia persicolor DNA","PrThr","Pt","XXX","Ord","Probe.amp.tar","MICRO"
"BEFORE","101779-7","Candida albicans DNA","PrThr","Pt","Unk sub","Ord","Probe.amp.tar","MICRO"
"CHANGED","101779-7","Candida albicans DNA","PrThr","Pt","XXX","Ord","Probe.amp.tar","MICRO"
"BEFORE","101780-5","Candida parapsilosis DNA","PrThr","Pt","Unk sub","Ord","Probe.amp.tar","MICRO"
"CHANGED","101780-5","Candida parapsilosis DNA","PrThr","Pt","XXX","Ord","Probe.amp.tar","MICRO"
"BEFORE","101781-3","Candida guilliermondii DNA","PrThr","Pt","Unk sub","Ord","Probe.amp.tar","MICRO"
"CHANGED","101781-3","Candida guilliermondii DNA","PrThr","Pt","XXX","Ord","Probe.amp.tar","MICRO"
"BEFORE","101782-1","Fusarium solani DNA","PrThr","Pt","Unk sub","Ord","Probe.amp.tar","MICRO"
"CHANGED","101782-1","Fusarium solani DNA","PrThr","Pt","XXX","Ord","Probe.amp.tar","MICRO"
"BEFORE","101783-9","Fusarium oxysporum DNA","PrThr","Pt","Unk sub","Ord","Probe.amp.tar","MICRO"
"CHANGED","101783-9","Fusarium oxysporum DNA","PrThr","Pt","XXX","Ord","Probe.amp.tar","MICRO"
"BEFORE","101784-7","Scopulariopsis brevicaulis","PrThr","Pt","Unk sub","Ord","Probe.amp.tar","MICRO"
"CHANGED","101784-7","Scopulariopsis brevicaulis DNA","PrThr","Pt","XXX","Ord","Probe.amp.tar","MICRO"
"BEFORE","101786-2","Toxoplasma gondii DNA","PrThr","Pt","Ser","Ord","RT-PCR","MICRO"
"CHANGED","101786-2","Toxoplasma gondii DNA","PrThr","Pt","Ser","Ord","Probe.amp.tar","MICRO"
"BEFORE","101789-6","Malnutrition risk screening","Find","Pt","^Patient","-","Nutrition and dietetics","PANEL.NUTRITION&DIET"
"CHANGED","101789-6","Malnutrition risk screening panel","-","Pt","^Patient","-","Nutrition and dietetics","PANEL.NUTRITION&DIET"
"BEFORE","101790-4","Platelet function panel","-","Pt","Plas","Qn","Coag","PANEL.COAG"
"CHANGED","101790-4","Platelet function panel","-","Pt","Plas","-","Coag","PANEL.COAG"
"BEFORE","101791-2","Clostridium tetani toxoid and corynebacterium diphtheriae Ab panel - Serum or Plasma","-","Pt","Ser/Plas","-","*","PANEL.MICRO"
"CHANGED","101791-2","Clostridium tetani toxoid and corynebacterium diphtheriae Ab panel","-","Pt","Ser/Plas","-","","PANEL.MICRO"
"BEFORE","101804-3","DXA Calcaneus [T-score] Bone density","Tscore","-","Bone","Qn","","RAD"
"CHANGED","101804-3","DXA Calcaneus [T-score] Bone density","Tscore","Pt","Bone","Qn","","RAD"
"BEFORE","101819-1","Nutritional assessment for malnutrition status","Find","Pt","^Patient","Nom","*","PANEL.CLIN.RISK"
"CHANGED","101819-1","Nutritional assessment for malnutrition status","Find","Pt","^Patient","Nom","","CLIN.RISK"
"BEFORE","101822-5","Human papilloma virus cytology and high-risk genotypes, Thin prep","-","Pt","Cvx","Ord","","PANEL.MICRO"
"CHANGED","101822-5","Human papilloma virus cytology and high-risk genotypes panel","-","Pt","Cvx","-","","PANEL.MICRO"
"BEFORE","101824-1","Aspartylglucosaminidase","CCnt","Pt","Ser/Plas","Qn","*","CHEM"
"CHANGED","101824-1","Aspartylglucosaminidase","CCnt","Pt","Ser/Plas","Qn","","CHEM"
"BEFORE","101825-8","Brushite crystals 24Hr Urine","SatFr","24H","Urine","Qn","","CHEM"
"CHANGED","101825-8","Brushite crystals","SatFr","24H","Urine","Qn","","CHEM"
"BEFORE","101826-6","Sodium Urate crystals 24Hr Urine","SatFr","24H","Urine","Qn","*","CHEM"
"CHANGED","101826-6","Sodium Urate crystals","SatFr","24H","Urine","Qn","","CHEM"
"BEFORE","101827-4","Urate crystals 24Hr Urine","SatFr","24H","Urine","Qn","","CHEM"
"CHANGED","101827-4","Urate crystals","SatFr","24H","Urine","Qn","","CHEM"
"BEFORE","101828-2","Synthetic glucocorticoid panel","SCnc","Pt","Ser/Plas","Qn","*","PANEL.CHEM"
"CHANGED","101828-2","Synthetic glucocorticoid panel","-","Pt","Ser/Plas","-","","PANEL.CHEM"
"BEFORE","101831-6","Beclomethasone dipropionate","SCnc","Pt","Ser/Plas","Qn","*","CHEM"
"CHANGED","101831-6","Beclomethasone dipropionate","SCnc","Pt","Ser/Plas","Qn","","CHEM"
"BEFORE","101832-4","Betamethasone","SCnc","Pt","Ser/Plas","Qn","*","DRUG/TOX"
"CHANGED","101832-4","Betamethasone","SCnc","Pt","Ser/Plas","Qn","","DRUG/TOX"
"BEFORE","101833-2","Budesonide","SCnc","Pt","Ser/Plas","Qn","*","DRUG/TOX"
"CHANGED","101833-2","Budesonide","SCnc","Pt","Ser/Plas","Qn","","DRUG/TOX"
"BEFORE","101834-0","Dexamethasone","SCnc","Pt","Ser/Plas","Qn","*","DRUG/TOX"
"CHANGED","101834-0","Dexamethasone","SCnc","Pt","Ser/Plas","Qn","","DRUG/TOX"
"BEFORE","101835-7","Fludrocortisone","SCnc","Pt","Ser/Plas","Qn","*","DRUG/TOX"
"CHANGED","101835-7","Fludrocortisone","SCnc","Pt","Ser/Plas","Qn","","DRUG/TOX"
"BEFORE","101836-5","Flunisolide","SCnc","Pt","Ser/Plas","Qn","*","DRUG/TOX"
"CHANGED","101836-5","Flunisolide","SCnc","Pt","Ser/Plas","Qn","","DRUG/TOX"
"BEFORE","101837-3","Fluorometholone","SCnc","Pt","Ser/Plas","Qn","*","DRUG/TOX"
"CHANGED","101837-3","Fluorometholone","SCnc","Pt","Ser/Plas","Qn","","DRUG/TOX"
"BEFORE","101838-1","Fluticasone propionate","SCnc","Pt","Ser/Plas","Qn","*","DRUG/TOX"
"CHANGED","101838-1","Fluticasone propionate","SCnc","Pt","Ser/Plas","Qn","","DRUG/TOX"
"BEFORE","101839-9","Megestrol acetate","SCnc","Pt","Ser/Plas","Qn","*","DRUG/TOX"
"CHANGED","101839-9","Megestrol acetate","SCnc","Pt","Ser/Plas","Qn","","DRUG/TOX"
"BEFORE","101840-7","Methylprednisolone","SCnc","Pt","Ser/Plas","Qn","*","DRUG/TOX"
"CHANGED","101840-7","Methylprednisolone","SCnc","Pt","Ser/Plas","Qn","","DRUG/TOX"
"BEFORE","101841-5","prednisoLONE","SCnc","Pt","Ser/Plas","Qn","*","DRUG/TOX"
"CHANGED","101841-5","prednisoLONE","SCnc","Pt","Ser/Plas","Qn","","DRUG/TOX"
"BEFORE","101843-1","Triamcinolone","SCnc","Pt","Ser/Plas","Qn","*","DRUG/TOX"
"CHANGED","101843-1","Triamcinolone","SCnc","Pt","Ser/Plas","Qn","","DRUG/TOX"
"BEFORE","101844-9","Triamcinolone acetonide","SCnc","Pt","Ser/Plas","Qn","*","DRUG/TOX"
"CHANGED","101844-9","Triamcinolone acetonide","SCnc","Pt","Ser/Plas","Qn","","DRUG/TOX"
"BEFORE","101846-4","Beclomethasone dipropionate","SCnc","Pt","Urine","Qn","*","DRUG/TOX"
"CHANGED","101846-4","Beclomethasone dipropionate","SCnc","Pt","Urine","Qn","","DRUG/TOX"
"BEFORE","101847-2","Betamethasone","SCnc","Pt","Urine","Qn","*","DRUG/TOX"
"CHANGED","101847-2","Betamethasone","SCnc","Pt","Urine","Qn","","DRUG/TOX"
"BEFORE","101848-0","Budesonide","SCnc","Pt","Urine","Qn","*","DRUG/TOX"
"CHANGED","101848-0","Budesonide","SCnc","Pt","Urine","Qn","","DRUG/TOX"
"BEFORE","101849-8","Dexamethasone","SCnc","Pt","Urine","Qn","*","DRUG/TOX"
"CHANGED","101849-8","Dexamethasone","SCnc","Pt","Urine","Qn","","DRUG/TOX"
"BEFORE","101850-6","Fludrocortisone","SCnc","Pt","Urine","Qn","*","DRUG/TOX"
"CHANGED","101850-6","Fludrocortisone","SCnc","Pt","Urine","Qn","","DRUG/TOX"
"BEFORE","101851-4","Flunisolide","SCnc","Pt","Urine","Qn","*","DRUG/TOX"
"CHANGED","101851-4","Flunisolide","SCnc","Pt","Urine","Qn","","DRUG/TOX"
"BEFORE","101852-2","Fluorometholone","SCnc","Pt","Urine","Qn","*","DRUG/TOX"
"CHANGED","101852-2","Fluorometholone","SCnc","Pt","Urine","Qn","","DRUG/TOX"
"BEFORE","101853-0","Fluticasone propionate","SCnc","Pt","Urine","Qn","*","DRUG/TOX"
"CHANGED","101853-0","Fluticasone propionate","SCnc","Pt","Urine","Qn","","DRUG/TOX"
"BEFORE","101854-8","Megestrol acetate","SCnc","Pt","Urine","Qn","*","DRUG/TOX"
"CHANGED","101854-8","Megestrol acetate","SCnc","Pt","Urine","Qn","","DRUG/TOX"
"BEFORE","101855-5","Methylprednisolone","SCnc","Pt","Urine","Qn","*","DRUG/TOX"
"CHANGED","101855-5","Methylprednisolone","SCnc","Pt","Urine","Qn","","DRUG/TOX"
"BEFORE","101856-3","prednisoLONE","SCnc","Pt","Urine","Qn","*","DRUG/TOX"
"CHANGED","101856-3","prednisoLONE","SCnc","Pt","Urine","Qn","","DRUG/TOX"
"BEFORE","101857-1","predniSONE","SCnc","Pt","Urine","Qn","*","DRUG/TOX"
"CHANGED","101857-1","predniSONE","SCnc","Pt","Urine","Qn","","DRUG/TOX"
"BEFORE","101858-9","Triamcinolone acetonide","SCnc","Pt","Urine","Qn","*","DRUG/TOX"
"CHANGED","101858-9","Triamcinolone acetonide","SCnc","Pt","Urine","Qn","","DRUG/TOX"
"BEFORE","101859-7","Triamcinolone","SCnc","Pt","Urine","Qn","*","DRUG/TOX"
"CHANGED","101859-7","Triamcinolone","SCnc","Pt","Urine","Qn","","DRUG/TOX"
"BEFORE","101866-2","Gas and electrolytes point of care panel","-","Pt","BldV","Qn","","PANEL.CHEM"
"CHANGED","101866-2","Gas and electrolytes point of care panel","-","Pt","BldV","-","","PANEL.CHEM"
"BEFORE","101867-0","Ma2 Antibody","PrThr","Pt","CSF","Ord","ELISA","SERO"
"CHANGED","101867-0","Ma2 Antibody","PrThr","Pt","CSF","Ord","IA","SERO"
"BEFORE","101868-8","Ma2 Antibody","PrThr","Pt","Ser/Plas","Ord","ELISA","SERO"
"CHANGED","101868-8","Ma2 Antibody","PrThr","Pt","Ser/Plas","Ord","IA","SERO"
"BEFORE","101870-4","Gamma aminobutyrate A receptor Ab.IgG","Titr","Pt","CSF","Qn","CBA IFA","SERO"
"CHANGED","101870-4","Gamma aminobutyrate A receptor Ab.IgG","Titr","Pt","CSF","SemiQn","CBA IFA","SERO"
"BEFORE","101871-2","IgLON family member 5 Ab.IgG","Titr","Pt","CSF","Qn","CBA IFA","SERO"
"CHANGED","101871-2","IgLON family member 5 Ab.IgG","Titr","Pt","CSF","SemiQn","CBA IFA","SERO"
"BEFORE","101872-0","Inositol 1,4,5-trisphosphate receptor type 1 Ab.IgG","Titr","Pt","CSF","Qn","CBA IFA","SERO"
"CHANGED","101872-0","Inositol 1,4,5-trisphosphate receptor type 1 Ab.IgG","Titr","Pt","CSF","SemiQn","CBA IFA","SERO"
"BEFORE","101873-8","Metabotropic glutamate receptor 1 Ab.IgG","Titr","Pt","CSF","Qn","CBA IFA","SERO"
"CHANGED","101873-8","Metabotropic glutamate receptor 1 Ab.IgG","Titr","Pt","CSF","SemiQn","CBA IFA","SERO"
"BEFORE","101875-3","Gamma aminobutyrate A receptor Ab.IgG","Titr","Pt","Ser","Qn","CBA IFA","SERO"
"CHANGED","101875-3","Gamma aminobutyrate A receptor Ab.IgG","Titr","Pt","Ser","SemiQn","CBA IFA","SERO"
"BEFORE","101876-1","IgLON family member 5 Ab.IgG","Titr","Pt","Ser","Qn","CBA IFA","SERO"
"CHANGED","101876-1","IgLON family member 5 Ab.IgG","Titr","Pt","Ser","SemiQn","CBA IFA","SERO"
"BEFORE","101877-9","Inositol 1,4,5-trisphosphate receptor type 1 Ab.IgG","Titr","Pt","Ser","Qn","CBA IFA","SERO"
"CHANGED","101877-9","Inositol 1,4,5-trisphosphate receptor type 1 Ab.IgG","Titr","Pt","Ser","SemiQn","CBA IFA","SERO"
"BEFORE","101878-7","Metabotropic glutamate receptor 1 Ab.IgG","Titr","Pt","Ser","Qn","CBA IFA","SERO"
"CHANGED","101878-7","Metabotropic glutamate receptor 1 Ab.IgG","Titr","Pt","Ser","SemiQn","CBA IFA","SERO"
"BEFORE","101908-2","Adaptor Protein 3 Beta2 Ab","Titr","Pt","XXX","Qn","","SERO"
"CHANGED","101908-2","Adaptor Protein 3 Beta2 Ab","Titr","Pt","XXX","SemiQn","","SERO"
"BEFORE","101909-0","Protein monoclonal panel","-","Pt","Urine","-","*","PANEL.CHEM"
"CHANGED","101909-0","Protein monoclonal panel","-","Pt","Urine","-","","PANEL.CHEM"
"BEFORE","101912-4","Troponin T.cardiac delta","MCnc","2H","Ser/Plas","Qn","","CHEM"
"CHANGED","101912-4","Troponin T.cardiac delta","MCncDiff","2H","Ser/Plas","Qn","","CHEM"
"BEFORE","101913-2","Troponin T.cardiac delta","NFr","2H","Ser/Plas","Qn","","CHEM"
"CHANGED","101913-2","Troponin T.cardiac delta/Troponin T.cardiac^baseline","AFr","2H","Ser/Plas","Qn","","CHEM"
"BEFORE","101916-5","Troponin T.cardiac delta","MCnc","6H","Ser/Plas","Qn","","CHEM"
"CHANGED","101916-5","Troponin T.cardiac delta","MCncDiff","6H","Ser/Plas","Qn","","CHEM"
"BEFORE","101917-3","Troponin T.cardiac delta","NFr","6H","Ser/Plas","Qn","","CHEM"
"CHANGED","101917-3","Troponin T.cardiac delta/Troponin T.cardiac^baseline","AFr","6H","Ser/Plas","Qn","","CHEM"
"BEFORE","101924-9","Transforming growth factor beta 1","MCnc","Pt","Urine","Qn","ELISA","CHEM"
"CHANGED","101924-9","Transforming growth factor beta 1","MCnc","Pt","Urine","Qn","IA","CHEM"
"BEFORE","101925-6","Epidermal growth factor","MCnc","Pt","Urine","Qn","ELISA","CHEM"
"CHANGED","101925-6","Epidermal growth factor","MCnc","Pt","Urine","Qn","IA","CHEM"
"BEFORE","101926-4","Connective tissue growth factor","MCnc","Pt","Ser","Qn","ELISA","CHEM"
"CHANGED","101926-4","Connective tissue growth factor","MCnc","Pt","Ser","Qn","IA","CHEM"
"BEFORE","101927-2","Calbindin D28K","MCnc","Pt","Urine","Qn","ELISA","CHEM"
"CHANGED","101927-2","Calbindin D28K","MCnc","Pt","Urine","Qn","IA","CHEM"
"BEFORE","101951-2","NIPS assessment (interpretation)","Find","Pt","^Patient","Ord","*","H&P.HX"
"CHANGED","101951-2","NIPS Assessment","Imp","Pt","^Patient","Ord","","H&P.HX"
"BEFORE","101969-4","Facial expression","Find","Pt","Face","Ord","*","H&P.HX"
"CHANGED","101969-4","Facial expression","Find","Pt","Face","Ord","","H&P.HX"
"BEFORE","101970-2","Breathing patterns","Find","Pt","Respiratory","Ord","*","H&P.HX"
"CHANGED","101970-2","Breathing patterns","Find","Pt","Respiratory","Ord","","H&P.HX"
"BEFORE","101971-0","Cry","Find","Pt","^Patient","Ord","*","H&P.HX"
"CHANGED","101971-0","Cry","Find","Pt","^Patient","Ord","","H&P.HX"
"BEFORE","101972-8","State of arousal","Find","Pt","^Patient","Ord","*","H&P.HX"
"CHANGED","101972-8","State of arousal","Find","Pt","^Patient","Ord","","H&P.HX"
"BEFORE","101973-6","Total score (0 to 7)","Find","Pt","^Patient","Ord","*","H&P.HX"
"CHANGED","101973-6","Total score (0 to 7)","Find","Pt","^Patient","Ord","","H&P.HX"
"BEFORE","101974-4","Arms","Find","Pt","Arm","Ord","*","H&P.HX"
"CHANGED","101974-4","Arms","Find","Pt","^Patient","Ord","NIPS","H&P.HX"
"BEFORE","101975-1","Legs","Find","Pt","^Patient","Ord","*","H&P.HX"
"CHANGED","101975-1","Legs","Find","Pt","^Patient","Ord","NIPS","H&P.HX"
"BEFORE","101977-7","Cortisol, glucose and somatatropin post glucagon stimulation panel","-","Pt","Ser/Plas","Qn","","PANEL.CHAL"
"CHANGED","101977-7","Cortisol, glucose and somatatropin post glucagon stimulation panel","-","Pt","Ser/Plas","-","","PANEL.CHAL"
"BEFORE","101978-5","Glucose and somatotropin post glucagon stimulation panel","-","Pt","Ser/Plas","Qn","","PANEL.CHAL"
"CHANGED","101978-5","Glucose and somatotropin post glucagon stimulation panel","-","Pt","Ser/Plas","-","","PANEL.CHAL"
"BEFORE","101979-3","Cortisol post arginine stimulation panel","-","Pt","Ser/Plas","Qn","","PANEL.CHAL"
"CHANGED","101979-3","Cortisol post arginine stimulation panel","-","Pt","Ser/Plas","-","","PANEL.CHAL"
"BEFORE","101980-1","Glucose, somatotropin and cortisol post insulin administration","MCnc","Pt","Ser/Plas","Qn","","PANEL.CHAL"
"CHANGED","101980-1","Glucose, somatotropin and cortisol post insulin administration","-","Pt","Ser/Plas","-","","PANEL.CHAL"
"BEFORE","102033-8","Pathology network list","Find","Pt","*","Nom","","ADMIN"
"CHANGED","102033-8","Pathology network list","Find","Pt","Personnel","Nom","","ADMIN"
"BEFORE","102040-3","Polygenic risk score","Score","Lifetime","^Patient","Qn","*","CLIN.RISK"
"CHANGED","102040-3","Polygenic risk score","Score","Lifetime","^Patient","Qn","","CLIN.RISK"
"BEFORE","102041-1","Carboxy tetrahydrocannabinol Delta 9/Creatinine","MRto","Pt","Urine","Qn","*","DRUG/TOX"
"CHANGED","102041-1","Carboxy tetrahydrocannabinol Delta 9/Creatinine","MRto","Pt","Urine","Qn","","DRUG/TOX"
"BEFORE","102042-9","Lung cancer panel","-","Pt","Lung tiss","Nom","Sequencing","PANEL.MOLPATH"
"CHANGED","102042-9","Lung cancer panel","-","Pt","Lung tiss","-","Sequencing","PANEL.MOLPATH"
"BEFORE","102083-3","Arginine Stimulation XXX Challenge Panel","-","Pt","Ser/Plas","-","IA","PANEL.CHEM"
"CHANGED","102083-3","Arginine Stimulation XXX Challenge Panel","-","Pt","Ser/Plas","-","IA","PANEL.CHAL"
"BEFORE","102087-4","Gastrin secretin stimulation XXX challenge panel","-","Pt","Ser","-","","PANEL.CHEM"
"CHANGED","102087-4","Gastrin secretin stimulation XXX challenge panel","-","Pt","Ser","-","","PANEL.CHAL"
"BEFORE","102088-2","Torch IgG panel","-","Pt","Ser","Ord","IA","MICRO"
"CHANGED","102088-2","Torch IgG panel","-","Pt","Ser","Ord","IA","PANEL.MICRO"
"BEFORE","102115-3","(Dog dander+Cat epithelium+Horse dander) Ab.IgE panel","Imp","Pt","Ser/Plas","-","","PANEL.ALLERGY"
"CHANGED","102115-3","(Dog dander+Cat epithelium+Horse dander) Ab.IgE panel","-","Pt","Ser/Plas","-","","PANEL.ALLERGY"
"BEFORE","102118-7","Rhabdomyolysis & Metabolic myopathy multigene panel","Find","Pt","Bld/Tiss","Doc","Molgen","PANEL.MOLPATH"
"CHANGED","102118-7","Rhabdomyolysis & Metabolic myopathy multigene panel","-","Pt","Bld/Tiss","-","Molgen","PANEL.MOLPATH"
"BEFORE","103165-7","Adenovirus 1&2 Alpha","PrThr","Pt","Respiratory System Specimen","Ord","Probe.amp.tar","MICRO"
"CHANGED","103165-7","Adenovirus 1&2 Alpha DNA","PrThr","Pt","Respiratory System Specimen","Ord","Probe.amp.tar","MICRO"
"BEFORE","103166-5","Adenovirus 1&2 Beta","PrThr","Pt","Respiratory System Specimen","Ord","Probe.amp.tar","MICRO"
"CHANGED","103166-5","Adenovirus 1&2 Beta DNA","PrThr","Pt","Respiratory System Specimen","Ord","Probe.amp.tar","MICRO"
"BEFORE","103175-6","Enterococcus faecalis+Enterococcus faecium","PrThr","Pt","Wound","Ord","Probe.amp.tar","MICRO"
"CHANGED","103175-6","Enterococcus faecalis+Enterococcus faecium DNA","PrThr","Pt","Wound","Ord","Probe.amp.tar","MICRO"
"BEFORE","103184-8","Human Rhinovirus 1 & 2","PrThr","Pt","Respiratory System Specimen","Ord","Probe.amp.tar","MICRO"
"CHANGED","103184-8","Human Rhinovirus 1 & 2 RNA","PrThr","Pt","Respiratory System Specimen","Ord","Probe.amp.tar","MICRO"
"BEFORE","103185-5","Human Rhinovirus 2","PrThr","Pt","Respiratory System Specimen","Ord","Probe.amp.tar","MICRO"
"CHANGED","103185-5","Human Rhinovirus 2 RNA","PrThr","Pt","Respiratory System Specimen","Ord","Probe.amp.tar","MICRO"
"BEFORE","103187-1","Klebsiella pneumoniae","PrThr","Pt","Respiratory System Specimen","Ord","Probe.amp.tar","MICRO"
"CHANGED","103187-1","Klebsiella pneumoniae DNA","PrThr","Pt","Respiratory System Specimen","Ord","Probe.amp.tar","MICRO"
"BEFORE","103198-8","Staphylococcus aureus","PrThr","Pt","Respiratory System Specimen","Ord","Probe.amp.tar","MICRO"
"CHANGED","103198-8","Staphylococcus aureus DNA","PrThr","Pt","Respiratory System Specimen","Ord","Probe.amp.tar","MICRO"
"BEFORE","103207-7","Duration of maximum heart rate zone","RatDiff","RptPeriod^max","^Patient","Qn","*","HRTRATE.TIMED.MOL"
"CHANGED","103207-7","Duration of maximum heart rate zone","RatDiff","RptPeriod^max","^Patient","Qn","","HRTRATE.TIMED.MOL"
"BEFORE","103209-3","Mean oxygen saturation","NRat","XXX^mean","^Patient","Qn","*","HEMODYN.MOLEC"
"CHANGED","103209-3","Mean oxygen saturation","NRat","XXX^mean","^Patient","Qn","","HEMODYN.MOLEC"
"BEFORE","103211-9","Number of awakenings","NRat","Pt","^Patient","Qn","*","H&P.HX"
"CHANGED","103211-9","Number of awakenings","NRat","Pt","^Patient","Qn","","H&P.HX"
"BEFORE","103215-0","Wake time after sleep onset","NRat","XXX","^Patient","Qn","*","H&P.HX"
"CHANGED","103215-0","Wake time after sleep onset","NRat","XXX","^Patient","Qn","","H&P.HX"
"BEFORE","103219-2","Maximum respiratory rate","NRat","XXX^min","^Patient","Qn","*","RESP.MOLEC"
"CHANGED","103219-2","Maximum respiratory rate","NRat","XXX^min","^Patient","Qn","","RESP.MOLEC"
"BEFORE","103224-2","Duration of getting out of bed","NRat","time","^Patient","XXX^min","*","H&P.HX"
"CHANGED","103224-2","Duration of getting out of bed","NRat","time","^Patient","XXX^min","","H&P.HX"
"BEFORE","103227-5","Testosterone.free","MCnc","Pt","Ser/Plas","Qn","Calculation","CHEM"
"CHANGED","103227-5","Testosterone.free","MCnc","Pt","Ser/Plas","Qn","Calculated","CHEM"
